Id,Label,u,v,w,u+w,Deficient,Central,Dexterity,ReflD,ReflC,ReflX,ReflType
0,#4004,OO3,GGG:WGR:WRR|OOY:WOO:BRL|YYY:BLL:BBL,97,OO3a,O,O,3,O,O,0,OO0
1,#4015,BB1,GGG:WGO:WBO|LRO:WBO:BBY|LRR:LLR:YYY,102,BB1f,B,B,1,B,B,6,BB6
2,#4023,YL3,GGG:WGR:WRR|LLY:WLY:BRY|LOY:BOO:BBO,100,YL3d,Y,L,3,Y,R,4,YR4
3,#4026,LL3,GGG:WGR:WRR|BLL:WLO:YRO|BBO:BLO:YYY,104,LL3h,L,L,3,R,R,4,RR4
4,#4027,YR3,GGG:WGL:WLL|BRR:WRL:YYY|BBR:BOO:OOY,104,YR3h,Y,R,3,Y,L,4,YL4
5,#4028,RR3,GGG:WGY:WOY|BLL:WRR:OOY|BBL:BRL:ORY,102,RR3f,R,R,3,L,L,4,LL4
6,#4029,LR3,GGG:WGY:WOY|BRR:WRL:OOY|BBR:BLL:OLY,102,LR3f,L,R,3,R,L,4,RL4
7,#4030,LR5,GGG:WGL:WYY|BLL:WRL:RRY|BBO:BOO:ROY,110,LR5n,L,R,5,R,L,2,RL2
8,#4031,LR7,GGG:WGL:WOO|BLL:WRL:OOY|BBY:BRY:RRY,107,LR7k,L,R,7,R,L,0,RL0
9,#4032,YR5,GGG:WGY:WOY|BRR:WRY:LOO|BBR:BLY:LLO,98,YR5b,Y,R,5,Y,L,2,YL2
10,#4033,OO1,GGG:WGR:WRR|BOY:WOO:LRO|BBY:BLY:LLY,109,OO1m,O,O,1,O,O,2,OO2
11,#4039,RR7,GGG:YGO:YYY|LRO:LRO:BWW|LLO:BRR:BBW,97,RR7a,R,R,7,L,L,0,LL0
12,#4040,LR7,GGG:YGO:YYY|RLO:RRO:BWW|RLO:BLL:BBW,97,LR7a,L,R,7,R,L,0,RL0
13,#4041,BB6,GGG:YGO:YYY|BWO:BBO:LRR|WWO:BLR:LLR,105,BB6i,B,B,6,B,B,1,BB1
14,#4042,WW6,GGG:YGO:YYY|BWO:WWO:LRR|BBO:BLR:LLR,104,WW6h,W,W,6,W,W,0,WW0
15,#4043,BB7,GGG:YGO:YYY|BBO:WBO:LRR|WBO:WLR:LLR,101,BB7e,B,B,7,B,B,0,BB0
16,#4044,WW6,GGG:YGO:YYY|LWO:LWO:BRR|LLO:BWR:BBR,101,WW6e,W,W,6,W,W,0,WW0
17,#4045,LL6,GGG:YGO:YYY|LWO:LLO:BRR|WWO:BLR:BBR,98,LL6b,L,L,6,R,R,1,RR1
18,#4046,WL6,GGG:YGO:YYY|WWO:WLO:BRR|LLO:BLR:BBR,98,WL6b,W,L,6,W,R,1,WR1
19,#4053,RL2,GGG:YGO:YYY|BWW:LLO:LRO|BBW:BRR:LRO,98,RL2b,R,L,2,L,R,5,LR5
20,#4054,LL2,GGG:YGO:YYY|BWW:RLO:RLO|BBW:BLL:RRO,98,LL2b,L,L,2,R,R,5,RR5
21,#4055,BB3,GGG:YGO:YYY|RLL:BBO:BWO|RRL:BRL:WWO,105,BB3i,B,B,3,B,B,4,BB4
22,#4056,WW2,GGG:YGO:YYY|RLL:WWO:BWO|RRL:BRL:BBO,103,WW2g,W,W,2,W,W,4,WW4
23,#4057,BB2,GGG:YGO:YYY|RLL:WBO:BBO|RRL:WRL:WBO,101,BB2e,B,B,2,B,B,5,BB5
24,#4058,RR3,GGG:YGO:YYY|BLL:RRO:RWO|BBL:BRL:WWO,105,RR3i,R,R,3,L,L,4,LL4
25,#4059,WW2,GGG:YGO:YYY|BLL:RWO:RWO|BBL:BWL:RRO,100,WW2d,W,W,2,W,W,4,WW4
26,#4060,WR2,GGG:YGO:YYY|BLL:WRO:WWO|BBL:BRL:RRO,97,WR2a,W,R,2,W,L,5,WL5
27,#4067,OO2,GGG:YGO:YYY|LWW:LOO:BRR|LLW:BOR:BBR,101,OO2e,O,O,2,O,O,1,OO1
28,#4068,OO3,GGG:YGO:YYY|BLL:ROO:RWW|BBL:BOL:RRW,100,OO3d,O,O,3,O,O,0,OO0
29,#4080,BB4,GGG:YGR:YRR|BWW:BBL:YRL|OOW:BOO:YLL,101,BB4e,B,B,4,B,B,3,BB3
30,#4081,OO0,GGG:YGR:YRR|BWW:OOL:YRL|BBW:BOO:YLL,101,OO0e,O,O,0,O,O,3,OO3
31,#4082,OO1,GGG:YGR:YRR|BOO:OOL:YRL|BBW:BWW:YLL,100,OO1d,O,O,1,O,O,2,OO2
32,#4083,BB1,GGG:YGR:YRR|BOO:BBL:YRL|OOW:BWW:YLL,100,BB1d,B,B,1,B,B,6,BB6
33,#4102,RR0,GGG:OGR:WWY|ORL:ORR:BWY|OLL:BLY:BBY,98,RR0b,R,R,0,L,L,7,LL7
34,#4103,LR0,GGG:OGL:WWY|OLL:ORL:BWY|ORR:BRY:BBY,98,LR0b,L,R,0,R,L,7,RL7
35,#4104,BB2,GGG:OGL:YYL|OWW:OBR:YLL|OBW:BBR:YRR,98,BB2b,B,B,2,B,B,5,BB5
36,#4107,BB0,GGG:OGL:YLL|OWW:OBL:YRR|OBW:BBR:YYR,98,BB0b,B,B,0,B,B,7,BB7
37,#4108,BB0,GGG:OGR:YRR|OLL:OBW:YRW|OBL:BBL:YYW,99,BB0c,B,B,0,B,B,7,BB7
38,#4134,WL0,GGG:OGY:YYY|OWL:OLL:BRR|OWL:BWR:BBR,98,WL0b,W,L,0,W,R,7,WR7
39,#4135,LL0,GGG:OGY:YYY|OWW:OLL:BRR|OLW:BLR:BBR,98,LL0b,L,L,0,R,R,7,RR7
40,#4136,WW0,GGG:OGY:YYY|OWL:OWW:BRR|OLL:BLR:BBR,98,WW0b,W,W,0,W,W,6,WW6
41,#4137,RL0,GGG:OGY:YYY|ORR:OLR:BLL|OWW:BWR:BBL,100,RL0d,R,L,0,L,R,7,LR7
42,#4138,RL0,GGG:OGY:YYY|OWW:OLR:BLL|ORW:BRR:BBL,98,RL0b,R,L,0,L,R,7,LR7
43,#4139,RL0,GGG:OGY:YYY|ORR:OLW:BLL|ORW:BRW:BBL,99,RL0c,R,L,0,L,R,7,LR7
44,#4140,LR0,GGG:OGL:RRY|OLL:ORL:BRY|OWW:BWY:BBY,97,LR0a,L,R,0,R,L,7,RL7
45,#4141,LR3,GGG:OGY:RRY|OLW:ORW:BRY|OLW:BLL:BBY,106,LR3j,L,R,3,R,L,4,RL4
46,#4142,LR3,GGG:OGY:RRY|OLL:ORL:BRY|OLW:BWW:BBY,105,LR3i,L,R,3,R,L,4,RL4
47,#4143,LR3,GGG:OGY:RRY|OWL:ORL:BRY|OWW:BLL:BBY,104,LR3h,L,R,3,R,L,4,RL4
48,#4148,OO0,GGG:OGL:YLL|BWW:OOL:YRR|BBW:BOR:YYR,105,OO0i,O,O,0,O,O,3,OO3
49,#4149,OO2,GGG:OGL:YYL|BWW:OOR:YLL|BBW:BOR:YRR,105,OO2i,O,O,2,O,O,1,OO1
50,#4150,OO0,GGG:OGR:YRR|BLL:OOW:YRW|BBL:BOL:YYW,99,OO0c,O,O,0,O,O,3,OO3
51,#4158,RR7,GGG:OGY:ORY|OLL:ORR:BRY|WWL:BWL:BBY,100,RR7d,R,R,7,L,L,0,LL0
52,#4159,YL4,GGG:OGR:ORR|OWY:OLY:BRY|WWL:BLL:BBY,97,YL4a,Y,L,4,Y,R,3,YR3
53,#4160,LL4,GGG:OGR:ORR|OWY:OLL:BRL|WWY:BLY:BBY,99,LL4c,L,L,4,R,R,3,RR3
54,#4161,RR4,GGG:OGL:OLL|OWY:ORL:BRR|WWY:BRY:BBY,97,RR4a,R,R,4,L,L,3,LL3
55,#4166,LL4,GGG:OGL:OYY|OWR:OLL:BLY|WWR:BRR:BBY,104,LL4h,L,L,4,R,R,3,RR3
56,#4169,BB4,GGG:OGW:OBW|OLL:OBW:BBR|YYL:YRL:YRR,104,BB4h,B,B,4,B,B,3,BB3
57,#4172,LL4,GGG:OGR:ORR|OLL:OLW:BRW|YYY:BLY:BBW,100,LL4d,L,L,4,R,R,3,RR3
58,#4173,WW6,GGG:OGR:ORR|OWY:OWW:BRL|YYY:BLL:BBL,97,WW6a,W,W,6,W,W,0,WW0
59,#4176,WW6,GGG:OGL:OLL|OWY:OWL:BRR|YYY:BWR:BBR,99,WW6c,W,W,6,W,W,0,WW0
60,#4177,RR7,GGG:OGL:OLL|ORY:ORL:BWW|YYY:BRR:BBW,99,RR7c,R,R,7,L,L,0,LL0
61,#4178,RR7,GGG:OGR:OWW|ORY:ORR:BWL|YYY:BLL:BBL,102,RR7f,R,R,7,L,L,0,LL0
62,#4199,BB4,GGG:OGW:OBW|OLR:OBW:BBY|LLR:LRR:YYY,102,BB4f,B,B,4,B,B,3,BB3
63,#4203,WL6,GGG:OGR:ORR|OWW:OLW:BRY|LLY:BLY:BBY,99,WL6c,W,L,6,W,R,1,WR1
64,#4204,RR6,GGG:OGY:WWY|BLL:ORR:OWY|BBL:BRL:ORY,99,RR6c,R,R,6,L,L,1,LL1
65,#4205,LR6,GGG:OGY:WWY|BRR:ORL:OWY|BBR:BLL:OLY,99,LR6c,L,R,6,R,L,1,RL1
66,#4210,LR7,GGG:OGL:YYY|BLL:ORL:ORY|BBW:BWW:ORR,103,LR7g,L,R,7,R,L,0,RL0
67,#4221,LR5,GGG:OGY:YYY|BRR:ORL:OLL|BBR:BWL:OWW,106,LR5j,L,R,5,R,L,2,RL2
68,#4222,LR5,GGG:OGY:YYY|BRR:ORW:OLL|BBR:BLW:OLW,105,LR5i,L,R,5,R,L,2,RL2
69,#4223,LR5,GGG:OGY:YYY|BRR:ORL:OWW|BBR:BLL:OLW,104,LR5h,L,R,5,R,L,2,RL2
70,#4224,WR4,GGG:OGY:YYY|BLL:ORR:OWR|BBL:BWL:OWR,99,WR4c,W,R,4,W,L,3,WL3
71,#4225,WW4,GGG:OGY:YYY|BLL:OWW:OWR|BBL:BRL:ORR,99,WW4c,W,W,4,W,W,2,WW2
72,#4226,RR5,GGG:OGY:YYY|BLL:ORR:OWW|BBL:BRL:ORW,104,RR5h,R,R,5,L,L,2,LL2
73,#4227,YR4,GGG:OGW:YYW|BRR:ORW:OYL|BBR:BLL:OYL,102,YR4f,Y,R,4,Y,L,3,YL3
74,#4228,YR4,GGG:OGR:YYR|BWW:ORR:OYL|BBW:BLL:OYL,97,YR4a,Y,R,4,Y,L,3,YL3
75,#4229,LR6,GGG:OGY:RRY|BWW:ORL:ORY|BBW:BLL:OLY,97,LR6a,L,R,6,R,L,1,RL1
76,#4230,LR7,GGG:OGL:RRY|BLL:ORL:ORY|BBW:BWW:OYY,102,LR7f,L,R,7,R,L,0,RL0
77,#4232,RR0,GGG:RGO:YYY|BLL:RRO:YRO|BBL:BWL:WWO,97,RR0a,R,R,0,L,L,7,LL7
78,#4234,YL4,GGG:RGW:RRW|YYY:RLW:BLL|OOY:BOO:BBL,100,YL4d,Y,L,4,Y,R,3,YR3
79,#4236,OO2,GGG:RGO:RRW|BLL:ROO:YWW|BBL:BOL:YYY,99,OO2c,O,O,2,O,O,1,OO1
80,#4237,OO2,GGG:RGY:RRY|BLL:ROO:OOY|BBL:BWL:WWY,98,OO2b,O,O,2,O,O,1,OO1
81,#4238,OO2,GGG:RGO:RRY|BLL:ROO:WWY|BBL:BOL:WYY,97,OO2a,O,O,2,O,O,1,OO1
82,#4242,BB3,GGG:RGO:RRO|YWO:RBO:BBL|YWW:YLL:YBL,97,BB3a,B,B,3,B,B,4,BB4
83,#4251,OO2,GGG:RGL:RRL|OOY:ROO:BLL|YYY:BWW:BBW,113,OO2q,O,O,2,O,O,1,OO1
84,#4252,OO1,GGG:RGL:RRL|OOY:ROO:BLL|WWY:BWY:BBY,112,OO1p,O,O,1,O,O,2,OO2
85,#4253,WW4,GGG:RGL:RRL|YWO:RWO:BLL|YYY:BWO:BBO,107,WW4k,W,W,4,W,W,2,WW2
86,#4256,BB4,GGG:RGL:RLL|BWW:BBL:RRY|OOW:BOO:YYY,103,BB4g,B,B,4,B,B,3,BB3
87,#4257,OO0,GGG:RGL:RLL|BWW:OOL:RRY|BBW:BOO:YYY,103,OO0g,O,O,0,O,O,3,OO3
88,#4258,OO1,GGG:RGL:RLL|BOO:OOL:RRY|BBW:BWW:YYY,103,OO1g,O,O,1,O,O,2,OO2
89,#4259,BB1,GGG:RGL:RLL|BOO:BBL:RRY|OOW:BWW:YYY,103,BB1g,B,B,1,B,B,6,BB6
90,#4260,OO2,GGG:RGL:RLL|BOO:OOL:RRY|BBY:BWY:WWY,104,OO2h,O,O,2,O,O,1,OO1
91,#4261,BB2,GGG:RGL:RLL|BOO:BBL:RRY|OOY:BWY:WWY,104,BB2h,B,B,2,B,B,5,BB5
92,#4283,RL6,GGG:RGY:WWY|RRL:RLL:BWY|OOL:BOO:BBY,100,RL6d,R,L,6,L,R,1,LR1
93,#4284,RL4,GGG:RGO:WWY|RRO:RLO:BWY|LLO:BLY:BBY,97,RL4a,R,L,4,L,R,3,LR3
94,#4285,RL2,GGG:RGO:WWO|RRO:RLO:BWY|LLY:BLY:BBY,97,RL2a,R,L,2,L,R,5,LR5
95,#4292,RL5,GGG:RGY:YYY|RRW:RLW:BLL|OOW:BOO:BBL,97,RL5a,R,L,5,L,R,2,LR2
96,#4293,RL5,GGG:RGY:YYY|RRL:RLL:BWW|OOL:BOO:BBW,98,RL5b,R,L,5,L,R,2,LR2
97,#4294,RL0,GGG:RGW:OOW|RRY:RLW:BOO|LLY:BLY:BBY,101,RL0e,R,L,0,L,R,7,LR7
98,#4303,LR0,GGG:LGY:YYY|BRR:LRW:LLW|BBR:BOO:OOW,99,LR0c,L,R,0,R,L,7,RL7
99,#4304,LR0,GGG:LGY:YYY|BWW:LRR:LLR|BBW:BOO:OOR,100,LR0d,L,R,0,R,L,7,RL7
100,#4305,YL3,GGG:LGR:LRR|WWY:LLY:BRY|WOY:BOO:BBO,99,YL3c,Y,L,3,Y,R,4,YR4
101,#4309,YL4,GGG:LGR:LRR|YYY:LLW:BRW|OOY:BOO:BBW,99,YL4c,Y,L,4,Y,R,3,YR3
102,#4316,YL4,GGG:LGY:LOY|RWW:LLY:BOO|RRW:BRY:BBO,101,YL4e,Y,L,4,Y,R,3,YR3
103,#4318,YL0,GGG:LGY:LOY|BWW:LLY:OOR|BBW:BRY:ORR,98,YL0b,Y,L,0,Y,R,7,YR7
104,#4320,BB4,GGG:LGW:LLW|BBR:OBW:OLY|OBR:ORR:YYY,109,BB4m,B,B,4,B,B,3,BB3
105,#4321,OO0,GGG:LGW:LLW|BOR:OOW:OLY|BBR:BRR:YYY,109,OO0m,O,O,0,O,O,3,OO3
106,#4322,OO2,GGG:LGW:LLW|ROO:OOW:BLY|RRY:BRY:BBY,102,OO2f,O,O,2,O,O,1,OO1
107,#4326,WW4,GGG:LGO:LLY|BWO:RWO:RLY|BBO:BWY:RRY,104,WW4h,W,W,4,W,W,2,WW2
108,#4327,BB4,GGG:LGO:LLY|BBO:RBO:RLY|WBO:WWY:RRY,110,BB4n,B,B,4,B,B,3,BB3
109,#4328,BB5,GGG:LGO:LLY|WWO:RBO:RLY|WBO:BBY:RRY,102,BB5f,B,B,5,B,B,2,BB2
110,#4329,WW4,GGG:LGO:LLY|RWO:WWO:BLY|RRO:BRY:BBY,101,WW4e,W,W,4,W,W,2,WW2
111,#4330,WR4,GGG:LGO:LLY|RWO:RRO:BLY|RWO:BWY:BBY,98,WR4b,W,R,4,W,L,3,WL3
112,#4331,RR5,GGG:LGO:LLY|WWO:RRO:BLY|WRO:BRY:BBY,102,RR5f,R,R,5,L,L,2,LL2
113,#4332,OO0,GGG:LGO:LLY|BWW:ROO:RLY|BBW:BOY:RRY,110,OO0n,O,O,0,O,O,3,OO3
114,#4339,BB3,GGG:LGY:LLY|WWR:BBR:BLY|WRR:BOO:OOY,108,BB3l,B,B,3,B,B,4,BB4
115,#4340,OO3,GGG:LGY:LLY|WWR:OOR:BLY|WRR:BOO:BBY,108,OO3l,O,O,3,O,O,0,OO0
116,#4341,OO2,GGG:LGY:LLY|ROO:OOW:BLY|RRW:BRW:BBY,107,OO2k,O,O,2,O,O,1,OO1
117,#4342,RR7,GGG:LGO:LLY|BRO:WRO:WLY|BBO:BRR:WYY,104,RR7h,R,R,7,L,L,0,LL0
118,#4345,WW2,GGG:LGO:LLO|BWO:RWO:RLY|BBY:BWY:RRY,105,WW2i,W,W,2,W,W,4,WW4
119,#4346,BB2,GGG:LGO:LLO|BBO:RBO:RLY|WBY:WWY:RRY,99,BB2c,B,B,2,B,B,5,BB5
120,#4347,BB3,GGG:LGO:LLO|WWO:RBO:RLY|WBY:BBY:RRY,106,BB3j,B,B,3,B,B,4,BB4
121,#4348,WW2,GGG:LGO:LLO|RWO:WWO:BLY|RRY:BRY:BBY,102,WW2f,W,W,2,W,W,4,WW4
122,#4349,WR2,GGG:LGO:LLO|RWO:RRO:BLY|RWY:BWY:BBY,99,WR2c,W,R,2,W,L,5,WL5
123,#4350,RR3,GGG:LGO:LLO|WWO:RRO:BLY|WRY:BRY:BBY,106,RR3j,R,R,3,L,L,4,LL4
124,#4361,LL4,GGG:LGO:WWY|RLO:LLO:BWY|RRO:BRY:BBY,97,LL4a,L,L,4,R,R,3,RR3
125,#4362,LL2,GGG:LGO:WWO|RLO:LLO:BWY|RRY:BRY:BBY,97,LL2a,L,L,2,R,R,5,RR5
126,#4363,LL0,GGG:LGW:OOW|RLY:LLW:BOO|RRY:BRY:BBY,101,LL0e,L,L,0,R,R,7,RR7
127,#4364,LL4,GGG:LGO:YYY|BLO:LLO:YRR|BBO:BWR:WWR,103,LL4g,L,L,4,R,R,3,RR3
128,#4365,LL4,GGG:LGW:YOW|BLR:LLW:YOO|BBR:BRR:YYO,107,LL4k,L,L,4,R,R,3,RR3
129,#4366,LL2,GGG:LGW:OOW|BLR:LLW:YOO|BBR:BRR:YYY,103,LL2g,L,L,2,R,R,5,RR5
130,#4367,LL1,GGG:LGO:YWW|BLR:LLO:YWO|BBR:BRR:YYO,97,LL1a,L,L,1,R,R,6,RR6
131,#4368,LL1,GGG:LGO:YYY|BLR:LLO:YWO|BBR:BRR:WWO,98,LL1b,L,L,1,R,R,6,RR6
132,#4369,OO0,GGG:BGW:BBW|OLR:OOW:BOY|LLR:LRR:YYY,102,OO0f,O,O,0,O,O,3,OO3
133,#4370,RL2,GGG:BGW:BBW|ROO:RLW:BLY|OOY:RRY:LLY,99,RL2c,R,L,2,L,R,5,LR5
134,#4371,LL2,GGG:BGW:BBW|LOO:LLW:BRY|OOY:RLY:RRY,99,LL2c,L,L,2,R,R,5,RR5
135,#4372,OO0,GGG:BGW:BBW|RLL:OOW:BOO|RRL:YRL:YYY,106,OO0j,O,O,0,O,O,3,OO3
136,#4373,OO2,GGG:BGW:BBW|RRL:OOW:BOO|RLL:RLY:YYY,106,OO2j,O,O,2,O,O,1,OO1
137,#4374,YR4,GGG:BGW:BBW|LRR:LRW:BOO|LLR:YYY:OOY,98,YR4b,Y,R,4,Y,L,3,YL3
138,#4375,LR6,GGG:BGW:BBW|LLY:LRW:BOO|YYY:LRR:OOR,98,LR6b,L,R,6,R,L,1,RL1
139,#4376,OO0,GGG:BGW:BBW|OLL:OOW:BOR|YYL:YRL:YRR,104,OO0h,O,O,0,O,O,3,OO3
140,#4377,YL0,GGG:BGW:BBW|YYY:RLW:BLL|RRY:ROO:OOL,97,YL0a,Y,L,0,Y,R,7,YR7
141,#4378,LR0,GGG:BGW:BBW|ORY:ORW:BLL|RRY:OLY:OLY,102,LR0f,L,R,0,R,L,7,RL7
142,#4379,OO0,GGG:BGW:BBW|YOO:OOW:BRL|YYY:RLL:RRL,111,OO0o,O,O,0,O,O,3,OO3
143,#4380,RR4,GGG:BGO:BBW|LRO:LRO:BWW|LLO:YRR:YYY,98,RR4b,R,R,4,L,L,3,LL3
144,#4381,LR4,GGG:BGO:BBW|RLO:RRO:BWW|RLO:YLL:YYY,98,LR4b,L,R,4,R,L,3,RL3
145,#4382,LR4,GGG:BGL:BBW|RLL:RRL:BWW|ROY:OOY:OYY,100,LR4d,L,R,4,R,L,3,RL3
146,#4383,LR2,GGG:BGL:BBW|RLL:RRL:BWW|ROO:OOY:YYY,100,LR2d,L,R,2,R,L,5,RL5
147,#4384,WW4,GGG:BGO:BBY|LWO:LWO:BRY|LLO:RWY:RRY,98,WW4b,W,W,4,W,W,2,WW2
148,#4385,LL4,GGG:BGO:BBY|LWO:LLO:BRY|WWO:RLY:RRY,98,LL4b,L,L,4,R,R,3,RR3
149,#4386,WL4,GGG:BGO:BBY|WWO:WLO:BRY|LLO:RLY:RRY,98,WL4b,W,L,4,W,R,3,WR3
150,#4387,RL4,GGG:BGO:BBY|RRO:RLO:BLY|WRO:WWY:LLY,99,RL4c,R,L,4,L,R,3,LR3
151,#4388,RL4,GGG:BGO:BBY|RWO:RLO:BLY|WWO:RRY:LLY,98,RL4b,R,L,4,L,R,3,LR3
152,#4389,RL4,GGG:BGO:BBY|WRO:WLO:BLY|WRO:RRY:LLY,100,RL4d,R,L,4,L,R,3,LR3
153,#4390,OO0,GGG:BGO:BBY|LWW:LOO:BRY|LLW:ROY:RRY,98,OO0b,O,O,0,O,O,3,OO3
154,#4391,LR1,GGG:BGL:BBY|RLL:RRL:BWY|ROO:OOY:WWY,99,LR1c,L,R,1,R,L,6,RL6
155,#4392,LL2,GGG:BGY:BBY|OWR:OLL:BLY|WWR:ORR:OLY,106,LL2j,L,L,2,R,R,5,RR5
156,#4393,RL2,GGG:BGY:BBY|OWL:OLL:BRY|WWL:ORR:ORY,112,RL2p,R,L,2,L,R,5,LR5
157,#4394,LL3,GGG:BGY:BBY|WWR:LLR:BLY|WRR:LOO:OOY,103,LL3g,L,L,3,R,R,4,RR4
158,#4395,WL6,GGG:BGY:BBY|WWL:WLL:BRY|OOL:ROO:RRY,97,WL6a,W,L,6,W,R,1,WR1
159,#4396,LL2,GGG:BGY:BBY|LOO:LLW:BRY|OOW:RLW:RRY,100,LL2d,L,L,2,R,R,5,RR5
160,#4397,RL2,GGG:BGY:BBY|WRR:WLR:BLY|WOO:OOR:LLY,111,RL2o,R,L,2,L,R,5,LR5
161,#4398,RL2,GGG:BGY:BBY|ROO:RLW:BLY|OOW:RRW:LLY,100,RL2d,R,L,2,L,R,5,LR5
162,#4399,LL2,GGG:BGL:BBY|OWR:OLL:BLY|WWR:ORR:OYY,105,LL2i,L,L,2,R,R,5,RR5
163,#4400,RR1,GGG:BGO:BBO|RRO:LRO:BWW|YYY:LRY:LLW,101,RR1e,R,R,1,L,L,6,LL6
164,#4401,LR1,GGG:BGO:BBO|LLO:LRO:BWW|YYY:LRY:RRW,101,LR1e,L,R,1,R,L,6,RL6
165,#4402,RR1,GGG:BGO:BBO|YRO:LRO:BWW|YYY:LRR:LLW,100,RR1d,R,R,1,L,L,6,LL6
166,#4403,LL3,GGG:BGO:BBO|LRO:LLO:BWW|YRR:YLR:YYW,102,LL3f,L,L,3,R,R,4,RR4
167,#4404,LL3,GGG:BGO:BBO|YRO:LLO:BWW|YRR:YLR:YLW,101,LL3e,L,L,3,R,R,4,RR4
168,#4405,RL3,GGG:BGO:BBO|RRO:RLO:BWW|YRL:YLL:YYW,102,RL3f,R,L,3,L,R,4,LR4
169,#4406,WW0,GGG:BGO:BBO|LRO:WWO:BWY|LRR:LLR:YYY,102,WW0f,W,W,0,W,W,6,WW6
170,#4407,WW2,GGG:BGO:BBO|LWO:LWO:BRY|LLY:RWY:RRY,97,WW2a,W,W,2,W,W,4,WW4
171,#4408,LL2,GGG:BGO:BBO|LWO:LLO:BRY|WWY:RLY:RRY,101,LL2e,L,L,2,R,R,5,RR5
172,#4409,WL2,GGG:BGO:BBO|WWO:WLO:BRY|LLY:RLY:RRY,97,WL2a,W,L,2,W,R,5,WR5
173,#4410,RL2,GGG:BGO:BBO|RRO:RLO:BLY|WRY:WWY:LLY,102,RL2f,R,L,2,L,R,5,LR5
174,#4411,RL2,GGG:BGO:BBO|RWO:RLO:BLY|WWY:RRY:LLY,101,RL2e,R,L,2,L,R,5,LR5
175,#4412,RL2,GGG:BGO:BBO|WRO:WLO:BLY|WRY:RRY:LLY,103,RL2g,R,L,2,L,R,5,LR5
176,#4413,RR3,GGG:BGO:BBO|WWO:LRO:BRR|WYY:LRY:LLY,101,RR3e,R,R,3,L,L,4,LL4
177,#4414,LL3,GGG:BGO:BBO|LWO:LLO:BRR|YWW:YLR:YYR,100,LL3d,L,L,3,R,R,4,RR4
178,#4415,LL3,GGG:BGO:BBO|YWO:LLO:BRR|YWW:YLR:YLR,99,LL3c,L,L,3,R,R,4,RR4
179,#4416,YL0,GGG:BGO:BBO|LLO:WLO:BRR|LYY:WYR:WYR,99,YL0c,Y,L,0,Y,R,7,YR7
180,#4417,WW0,GGG:BGO:BBO|YWO:LWO:BRR|YYY:LWR:LLR,100,WW0d,W,W,0,W,W,6,WW6
181,#4418,RL3,GGG:BGO:BBO|RRO:RLO:BLL|YRW:YWW:YYL,101,RL3e,R,L,3,L,R,4,LR4
182,#4419,LR3,GGG:BGO:BBO|WWO:RRO:BLL|WYY:RLY:RLY,101,LR3e,L,R,3,R,L,4,RL4
183,#4420,RR3,GGG:BGO:BBO|YWO:RRO:BRL|YWW:YLL:YRL,108,RR3l,R,R,3,L,L,4,LL4
184,#4421,WW0,GGG:BGO:BBO|YWO:WWO:BRL|YYY:RLL:RRL,103,WW0g,W,W,0,W,W,6,WW6
185,#4422,RR1,GGG:BGO:BBO|YRO:RRO:BWL|YYY:RLL:WWL,99,RR1c,R,R,1,L,L,6,LL6
186,#4423,YR3,GGG:BGY:BBO|LRR:LRY:BOO|LLR:WWY:WOY,98,YR3b,Y,R,3,Y,L,4,YL4
187,#4424,RR1,GGG:BGR:BBO|LRY:LRR:BOO|LLY:WWY:WOY,97,RR1a,R,R,1,L,L,6,LL6
188,#4425,LR3,GGG:BGL:BBO|RLL:RRL:BOO|RYY:WWY:WOY,107,LR3k,L,R,3,R,L,4,RL4
189,#4426,LR0,GGG:BGL:BBO|YLL:WRL:BOO|YYY:WRR:WOR,104,LR0h,L,R,0,R,L,7,RL7
190,#4427,YR3,GGG:BGY:BBO|WWL:RRY:BOO|WLL:RLY:ROY,103,YR3g,Y,R,3,Y,L,4,YL4
191,#4428,LR0,GGG:BGL:BBO|YLL:RRL:BOO|YYY:RWW:ROW,103,LR0g,L,R,0,R,L,7,RL7
192,#4429,LR4,GGG:BGO:BBR|WLO:WRO:BRR|WLO:YLL:YYY,97,LR4a,L,R,4,R,L,3,RL3
193,#4430,LR7,GGG:BGO:BBR|LLO:WRO:BRR|WLO:WLY:YYY,105,LR7i,L,R,7,R,L,0,RL0
194,#4431,LR7,GGG:BGO:BBR|LLO:LRO:BRR|WWO:LWY:YYY,106,LR7j,L,R,7,R,L,0,RL0
195,#4432,LR7,GGG:BGO:BBR|WWO:LRO:BRR|WLO:LLY:YYY,104,LR7h,L,R,7,R,L,0,RL0
196,#4433,LR4,GGG:BGL:BBR|WLL:WRL:BRR|WOY:OOY:OYY,99,LR4c,L,R,4,R,L,3,RL3
197,#4434,LR2,GGG:BGL:BBR|WLL:WRL:BRR|WOO:OOY:YYY,99,LR2c,L,R,2,R,L,5,RL5
198,#4435,LR1,GGG:BGL:BBR|OLL:ORL:BRR|WWY:OWY:OYY,98,LR1b,L,R,1,R,L,6,RL6
199,#4436,LR1,GGG:BGL:BBR|OLL:ORL:BRR|YYY:OWY:OWW,97,LR1a,L,R,1,R,L,6,RL6
200,#4437,YR5,GGG:BGR:BBR|YYY:LRR:BWW|OOY:LOO:LLW,99,YR5c,Y,R,5,Y,L,2,YL2
201,#4438,LR3,GGG:BGR:BBR|LLY:LRR:BWW|YYY:LOO:OOW,103,LR3g,L,R,3,R,L,4,RL4
202,#4439,YR3,GGG:BGR:BBR|OLL:ORR:BWW|YYL:OYL:OYW,105,YR3i,Y,R,3,Y,L,4,YL4
203,#4440,LR6,GGG:BGR:BBR|LLY:LRR:BOO|YYY:LWW:OOW,100,LR6d,L,R,6,R,L,1,RL1
204,#4441,YR4,GGG:BGR:BBR|LWW:LRR:BOO|LLW:YYY:OOY,101,YR4e,Y,R,4,Y,L,3,YL3
205,#4442,LR5,GGG:BGR:BBR|LLY:WRR:BOO|WLY:WLY:OOY,109,LR5m,L,R,5,R,L,2,RL2
206,#4443,LR5,GGG:BGR:BBR|LLY:LRR:BOO|WWY:LWY:OOY,107,LR5k,L,R,5,R,L,2,RL2
207,#4444,LR5,GGG:BGR:BBR|WWY:LRR:BOO|WLY:LLY:OOY,108,LR5l,L,R,5,R,L,2,RL2
208,#4445,LR0,GGG:BGR:BBR|OWY:ORR:BLL|WWY:OLY:OLY,101,LR0e,L,R,0,R,L,7,RL7
209,#4446,OO1,GGG:BGL:BBL|YOO:OOR:BLL|YYY:WWR:WRR,111,OO1o,O,O,1,O,O,2,OO2
210,#4447,OO0,GGG:BGL:BBL|OOY:ROO:BLL|RRY:RWY:WWY,112,OO0p,O,O,0,O,O,3,OO3
211,#4448,RR4,GGG:BGL:BBL|YRO:RRO:BLL|YYY:RWO:WWO,105,RR4i,R,R,4,L,L,3,LL3
212,#4449,WR6,GGG:BGL:BBL|WWO:WRO:BLL|YRR:YRO:YYO,97,WR6a,W,R,6,W,L,1,WL1
213,#4450,OO1,GGG:BGL:BBL|WWR:OOR:BLL|WRR:YOO:YYY,108,OO1l,O,O,1,O,O,2,OO2
214,#4451,OO0,GGG:BGL:BBL|ROO:OOW:BLL|RRW:YRW:YYY,107,OO0k,O,O,0,O,O,3,OO3
215,#4452,OO2,GGG:BGL:BBL|YOO:OOR:BLL|YWW:YWR:YRR,110,OO2n,O,O,2,O,O,1,OO1
216,#4453,RR7,GGG:BGL:BBL|OOR:WRR:BLL|WOO:WRY:YYY,103,RR7g,R,R,7,L,L,0,LL0
217,#4454,WR2,GGG:BGL:BBL|RWW:RRW:BLL|ROO:OOY:YYY,100,WR2d,W,R,2,W,L,5,WL5
218,#4455,RR0,GGG:BGL:BBL|OWY:ORR:BLL|WWY:ORY:ORY,99,RR0c,R,R,0,L,L,7,LL7
219,#4456,RR0,GGG:BGL:BBL|OWR:ORR:BLL|WWY:ORY:OYY,100,RR0d,R,R,0,L,L,7,LL7
220,#4457,WW2,GGG:BGL:BBL|OWY:OWR:BLL|YYY:OWR:ORR,106,WW2j,W,W,2,W,W,4,WW4
221,#4458,YR3,GGG:BGL:BBL|ORR:ORW:BLL|YYR:OYW:OYW,102,YR3f,Y,R,3,Y,L,4,YL4
222,#4459,WR4,GGG:BGL:BBL|RWW:RRW:BLL|ROY:OOY:OYY,100,WR4d,W,R,4,W,L,3,WL3
223,#4460,YR5,GGG:BGL:BBL|WWO:RRO:BLL|WYY:RYO:RYO,97,YR5a,Y,R,5,Y,L,2,YL2
224,#4461,WR6,GGG:BGL:BBL|WWO:WRO:BLL|YYY:YRO:RRO,99,WR6c,W,R,6,W,L,1,WL1
225,#4462,BB4,GGG:BGO:YYY|BWO:BBO:YRL|WWO:RLL:RRL,98,BB4b,B,B,4,B,B,3,BB3
226,#4463,BB4,GGG:BGO:YYY|BLO:BBO:YRR|LLO:LWR:WWR,99,BB4c,B,B,4,B,B,3,BB3
227,#4464,BB1,GGG:BGO:YYY|BLR:BBO:YWO|LLR:LRR:WWO,98,BB1b,B,B,1,B,B,6,BB6
228,#4465,BB1,GGG:BGO:YYY|BLL:BBO:YRO|WWL:RWL:RRO,99,BB1c,B,B,1,B,B,6,BB6
229,#4466,BB4,GGG:BGW:YOW|BLR:BBW:YOO|LLR:LRR:YYO,107,BB4k,B,B,4,B,B,3,BB3
230,#4467,BB1,GGG:BGO:YWW|BLR:BBO:YWO|LLR:LRR:YYO,97,BB1a,B,B,1,B,B,6,BB6
231,#4468,BB6,GGG:BGR:YRR|BWW:BBL:YRL|OOW:YOO:YLL,101,BB6e,B,B,6,B,B,1,BB1
232,#4469,BB3,GGG:BGR:YRR|BOO:BBL:YRL|OOW:YWW:YLL,100,BB3d,B,B,3,B,B,4,BB4
233,#4470,BB6,GGG:BGO:YYY|BWO:BBO:RLY|WWO:RRL:RLL,104,BB6h,B,B,6,B,B,1,BB1
234,#4471,BB0,GGG:BGY:YYY|BOO:BBW:LLR|OOW:LRW:LRR,100,BB0d,B,B,0,B,B,7,BB7
235,#4472,BB2,GGG:BGW:OOW|BLR:BBW:YOO|LLR:LRR:YYY,103,BB2g,B,B,2,B,B,5,BB5
236,#4473,BB0,GGG:BGO:WWO|LRO:BBO:BWY|LRR:LLR:YYY,102,BB0f,B,B,0,B,B,7,BB7
237,#4474,BB5,GGG:BGY:YYY|RRL:BBW:BOO|RLL:RLW:OOW,100,BB5d,B,B,5,B,B,2,BB2
238,#4475,BB0,GGG:BGW:OOW|RLL:BBW:BOO|RRL:YRL:YYY,97,BB0a,B,B,0,B,B,7,BB7
239,#4476,BB2,GGG:BGW:OOW|RRL:BBW:BOO|RLL:RLY:YYY,97,BB2a,B,B,2,B,B,5,BB5
